{
    "mean_": [
        -0.23515637219436597,
        -0.41058617943548387,
        2.546706989247312,
        -0.18946239170117798
    ],
    "scale_": [
        0.29801481765167837,
        0.4796714344066216,
        1.5305477848377145,
        0.103550684449697
    ],
    "coef_": [
        0.12835516184041088,
        -1.1683037932196483,
        0.648637158173214,
        -0.4848115618235599
    ],
    "intercept_": 0.15527772370082504
}
